City_ID,City,Lat,Lng,Max Temp (C),Humidity (%),Cloudiness (%),Wind Speed (m/s),Country,Date
0,sesheke,-17.4759,24.2968,24.63,50,29,2.42,ZM,1702321373
1,edinburgh of the seven seas,-37.0676,-12.3116,13.82,83,100,9.76,SH,1702321375
2,malanje,-9.5402,16.341,17.54,97,100,0.56,AO,1702321377
3,adamstown,-25.066,-130.1015,21.45,61,2,2.39,PN,1702321377
4,tiksi,71.6872,128.8694,-22.44,100,100,4.08,RU,1702321377
5,sinabang,2.4803,96.3801,25.42,86,93,0.73,ID,1702321379
6,waitangi,-43.9535,-176.5597,14.34,87,100,2.68,NZ,1702321379
7,west island,-12.1568,96.8225,25.99,78,40,2.57,CC,1702321379
8,grytviken,-54.2811,-36.5092,4.44,76,96,5.57,GS,1702321380
9,albany,42.6001,-73.9662,4.7,74,10,5.81,US,1702321363
10,rivera,-30.9053,-55.5508,26.67,55,0,3.68,UY,1702321380
11,diu,20.7141,70.9822,22.2,52,73,1.71,IN,1702321381
12,stanley,54.868,-1.6985,2.1,93,20,2.57,GB,1702321112
13,settat,33.0007,-7.6204,18.9,50,97,1.61,MA,1702321381
14,kodiak,57.79,-152.4072,-1.27,64,0,1.54,US,1702321381
15,severobaykal'sk,55.65,109.3167,-24.16,85,74,3.08,RU,1702321382
16,abou el hassan,36.4166,1.1962,17.69,59,31,2.42,DZ,1702321382
17,thompson,55.7435,-97.8558,-9.91,79,75,7.2,CA,1702321120
18,badger,64.8,-147.5333,-9.07,89,100,0.0,US,1702321210
19,anadyr,64.75,177.4833,-25.56,75,0,4.0,RU,1702321382
20,port-aux-francais,-49.35,70.2167,5.32,95,100,7.89,TF,1702321382
21,hawaiian paradise park,19.5933,-154.9731,25.5,95,100,3.6,US,1702321382
22,puerto ayora,-0.7393,-90.3518,27.98,78,73,4.08,EC,1702321383
23,luanda,-8.8368,13.2343,27.0,76,20,2.57,AO,1702321383
24,nenjiang,49.1833,125.2167,-32.06,96,12,0.97,CN,1702321383
25,launceston,-41.45,147.1667,13.22,94,40,2.06,AU,1702321383
26,trelew,-43.249,-65.3051,22.05,34,77,9.09,AR,1702321102
27,port mathurin,-19.6833,63.4167,26.25,75,100,3.5,MU,1702321280
28,ust-nera,64.5667,143.2,-20.83,100,100,4.15,RU,1702321384
29,meadow lakes,61.6247,-149.6011,1.93,75,100,3.6,US,1702321384
30,invercargill,-46.4,168.35,8.07,75,73,8.75,NZ,1702321384
31,boden,65.8252,21.6886,-7.0,99,99,1.69,SE,1702321384
32,el hed,36.65,4.7736,13.4,58,24,2.13,DZ,1702321384
33,bilibino,68.0546,166.4372,-19.08,95,100,1.56,RU,1702321384
34,ivdel',60.6911,60.4206,-31.01,99,100,1.79,RU,1702321385
35,chinde,26.8418,88.0763,9.94,67,2,2.25,NP,1702321385
36,saipan,15.1355,145.701,27.39,83,40,4.63,MP,1702321385
37,pisco,-13.7,-76.2167,24.03,64,0,3.6,PE,1702321385
38,margaret river,-33.95,115.0667,14.97,65,0,3.57,AU,1702321132
39,kingston,17.997,-76.7936,31.53,71,20,7.72,JM,1702321386
40,reo,12.3167,-2.4667,27.06,12,0,3.84,BF,1702321093
41,hermanus,-34.4187,19.2345,16.12,83,0,0.36,ZA,1702321386
42,longyearbyen,78.2186,15.6401,-5.09,68,75,6.69,SJ,1702321386
43,yellowknife,62.456,-114.3525,-23.71,84,20,3.09,CA,1702321356
44,kljuc,44.535,16.7722,7.58,83,100,1.74,BA,1702321386
45,namtsy,62.7161,129.6658,-30.67,92,100,3.47,RU,1702321386
46,ilulissat,69.2167,-51.1,3.01,60,75,8.23,GL,1702321387
47,papatowai,-46.5619,169.4708,6.91,86,56,5.67,NZ,1702321387
48,villa bruzual,9.3328,-69.1208,33.36,44,2,1.01,VE,1702321387
49,afaahiti,-17.75,-149.2833,27.93,80,85,9.85,PF,1702321387
50,cowra,-33.8333,148.6833,19.42,79,43,3.51,AU,1702321387
51,puerto natales,-51.7236,-72.4875,13.25,44,75,10.29,CL,1702321388
52,itacare,-14.2775,-38.9967,27.75,65,100,4.01,BR,1702321388
53,wanning,18.8003,110.3967,21.06,97,9,0.36,CN,1702321388
54,aykhal,66.0,111.5,-27.14,99,100,2.21,RU,1702321388
55,abadiania,-16.2042,-48.7069,25.51,45,100,3.36,BR,1702321389
56,bamboo flat,11.7,92.7167,27.05,83,40,1.03,IN,1702321389
57,praia da vitoria,38.7333,-27.0667,15.42,88,20,4.27,PT,1702321389
58,arteche,12.2645,125.4048,25.42,90,72,2.87,PH,1702321389
59,san antonio de pale,-1.4014,5.6325,24.98,89,100,2.27,GQ,1702321389
60,sao mateus do sul,-25.8742,-50.3828,27.35,42,0,0.32,BR,1702321389
61,mpika,-11.8343,31.4529,18.44,90,91,0.57,ZM,1702321389
62,enewetak,11.3474,162.3373,27.63,79,13,9.1,MH,1702321389
63,ushuaia,-54.8,-68.3,11.81,37,0,5.14,AR,1702321390
64,blackmans bay,-43.0167,147.3167,9.18,92,7,1.05,AU,1702321390
65,sibsagar,26.9833,94.6333,16.54,81,0,0.74,IN,1702321390
66,maridi,4.9158,29.4742,26.76,44,19,1.0,SS,1702321390
67,dunay,42.8803,132.3375,-12.38,57,100,10.49,RU,1702321390
68,kuraymah,18.55,31.85,23.78,19,100,4.51,SD,1702321390
69,tazovsky,67.4667,78.7,-25.43,96,100,4.08,RU,1702321391
70,cedeira,43.6797,-8.0209,17.21,76,100,10.26,ES,1702321391
71,doka,13.5167,35.7667,27.67,24,100,3.72,SD,1702321391
72,opatow,50.8006,21.4254,3.36,87,100,5.15,PL,1702321392
73,lebu,-37.6167,-73.65,14.11,78,100,4.09,CL,1702321392
74,bredasdorp,-34.5322,20.0403,17.47,70,0,2.18,ZA,1702321392
75,remire-montjoly,4.9167,-52.2667,31.02,66,0,6.69,GF,1702321392
76,acarau,-2.8856,-40.12,29.96,60,48,8.59,BR,1702321392
77,xinyuan,37.3,99.0,-13.73,54,0,2.06,CN,1702321392
78,mount pearl,47.5166,-52.7813,11.29,96,100,7.2,CA,1702321393
79,uttarkashi,30.7333,78.45,6.74,41,0,1.42,IN,1702321393
80,bardai,11.65,7.2333,19.55,23,0,4.55,NG,1702321393
81,dalby,-27.1833,151.2667,17.98,82,6,2.89,AU,1702321115
82,cabo san lucas,22.8909,-109.9124,28.67,59,0,2.34,MX,1702320830
83,sarkand,45.41,79.9186,-9.03,97,100,2.3,KZ,1702321393
84,kapa'a,22.0752,-159.319,25.66,90,75,2.57,US,1702321394
85,cam ranh,11.9214,109.1591,24.98,88,20,2.57,VN,1702321192
86,port elizabeth,-33.918,25.5701,20.16,85,0,1.03,ZA,1702321200
87,moyale,3.5167,39.0584,22.4,58,81,3.15,KE,1702321394
88,zhob,31.3411,69.4481,9.05,29,95,2.88,PK,1702321394
89,nar'yan-mar,67.6713,53.087,-16.61,94,100,9.39,RU,1702321395
90,taoudenni,22.6783,-3.9836,22.58,15,7,5.04,ML,1702321395
91,gumdag,39.2061,54.5906,1.78,54,6,11.35,TM,1702321395
92,jayapura,-2.5333,140.7,26.66,93,100,2.56,ID,1702321395
93,middelburg,-25.7751,29.4648,15.83,89,92,1.35,ZA,1702321395
94,kapuskasing,49.4169,-82.4331,-9.95,79,75,3.6,CA,1702321396
95,susuman,62.7833,148.1667,-21.68,96,100,2.24,RU,1702321396
96,talnakh,69.4865,88.3972,-24.89,97,100,4.67,RU,1702321396
97,madimba,-10.4,40.3333,27.68,79,100,3.96,TZ,1702321396
98,naze,28.3667,129.4833,20.51,87,100,5.66,JP,1702321148
99,turpan,42.9333,89.1667,0.39,62,100,0.91,CN,1702321396
100,college,64.8569,-147.8028,-8.03,73,75,3.6,US,1702321396
101,codrington,-38.2667,141.9667,16.45,93,100,4.99,AU,1702321397
102,geraldton,-28.7667,114.6,19.23,48,0,3.6,AU,1702321397
103,tazacorte,28.629,-17.9293,22.54,58,6,3.6,ES,1702321397
104,alghero,40.5589,8.3181,16.05,94,40,3.09,IT,1702321397
105,wailua homesteads,22.0669,-159.378,24.92,90,75,2.57,US,1702321397
106,peace river,56.2501,-117.286,-8.83,79,100,1.54,CA,1702321204
107,laytown,53.6819,-6.2392,10.63,91,100,8.52,IE,1702321397
108,isafjordur,66.0755,-23.124,-1.98,64,100,3.09,IS,1702321397
109,cajati,-24.7361,-48.1228,23.49,80,94,3.15,BR,1702321398
110,najran,17.4924,44.1277,13.36,27,7,1.38,SA,1702321398
111,olonkinbyen,70.9221,-8.7187,-0.12,99,100,7.54,SJ,1702321398
112,az zulfi,26.2995,44.8154,19.78,23,99,4.38,SA,1702321398
113,uturoa,-16.7333,-151.4333,26.95,76,40,9.25,PF,1702321398
114,kutum,14.2,24.6667,20.37,16,100,7.97,SD,1702321398
115,miyako,39.6367,141.9525,5.77,92,100,2.15,JP,1702321399
116,sao joao da barra,-21.6403,-41.0511,26.05,83,99,4.74,BR,1702321399
117,temiskaming shores,47.4938,-79.7153,-7.11,59,96,3.47,CA,1702321399
118,magadan,59.5667,150.8,-10.73,96,100,3.95,RU,1702321399
119,la'ie,21.6477,-157.9253,27.98,83,0,1.79,US,1702321399
120,brejo da madre de deus,-8.1458,-36.3711,28.58,42,100,6.59,BR,1702321400
121,lihue,21.9789,-159.3672,24.69,90,3,2.25,US,1702321210
122,inari,68.906,27.0288,-11.89,98,21,2.3,FI,1702321400
123,verkhnevilyuysk,63.4453,120.3167,-27.82,97,100,2.73,RU,1702321400
124,gadzhiyevo,69.2551,33.3362,-9.59,92,91,12.26,RU,1702321400
125,flin flon,54.7682,-101.865,-9.09,67,100,8.23,CA,1702321252
126,yemva,62.59,50.8594,-15.6,92,100,5.82,RU,1702321400
127,as sulayyil,20.4607,45.5779,16.14,24,43,3.06,SA,1702321400
128,thinadhoo,0.5333,72.9333,27.59,78,100,2.6,MV,1702321400
129,rosarito,32.3333,-117.0333,22.91,38,100,1.27,MX,1702321141
130,palikir - national government center,6.9248,158.1611,27.68,78,38,8.75,FM,1702321401
131,bethel,41.3712,-73.414,6.35,71,100,5.66,US,1702321401
132,xiaoweizhai,26.1903,107.5125,8.5,92,100,2.81,CN,1702321401
133,mo i rana,66.3128,14.1428,-12.04,84,0,1.54,NO,1702321401
134,arraial do cabo,-22.9661,-42.0278,23.98,88,100,5.66,BR,1702321401
135,yaren,-0.5472,166.916,28.87,75,9,4.46,NR,1702321401
136,olinda,-8.0089,-34.8553,29.85,66,40,4.63,BR,1702321280
137,port lincoln,-34.7333,135.8667,16.08,84,100,1.16,AU,1702321401
138,souda,35.4844,24.0744,13.63,88,20,0.0,GR,1702321402
139,revda,56.801,59.9303,-33.56,99,88,1.42,RU,1702321402
140,inarajan village,13.2736,144.7484,27.08,93,100,5.46,GU,1702321402
141,langfang,39.5097,116.6947,-6.49,95,23,1.55,CN,1702321291
142,tashir,41.1207,44.2846,1.07,98,100,1.75,AM,1702321402
143,chonchi,-42.6128,-73.8092,15.62,99,100,1.7,CL,1702321392
144,avarua,-21.2078,-159.775,26.03,83,75,10.8,CK,1702321402
145,vernon,50.2581,-119.2691,3.67,91,79,0.51,CA,1702321209
146,tual,-5.6667,132.75,28.91,76,100,6.67,ID,1702321403
147,caleta de carquin,-11.0925,-77.6267,19.48,86,16,6.35,PE,1702321403
148,phongsali,21.6833,102.1058,13.12,87,6,0.51,LA,1702321403
149,abeche,13.8292,20.8324,22.48,17,100,4.32,TD,1702321403
150,morehead city,34.7229,-76.726,11.0,66,100,4.63,US,1702321403
151,jamestown,42.097,-79.2353,1.77,89,100,6.69,US,1702321276
152,iqaluit,63.7506,-68.5145,-16.15,72,75,8.75,CA,1702321214
153,asuncion nochixtlan,17.4667,-97.2333,14.48,68,100,2.8,MX,1702321403
154,berezovyy,51.6667,135.7,-26.14,79,4,2.52,RU,1702321403
155,lanzhou,36.0564,103.7922,0.91,46,0,1.37,CN,1702321404
156,kuta,-8.7233,115.1723,26.97,83,20,3.13,ID,1702321404
157,sao jose da coroa grande,-8.8978,-35.1478,28.26,63,3,4.65,BR,1702321404
158,misratah,32.3754,15.0925,19.86,66,0,8.54,LY,1702321404
159,galliano,29.4422,-90.2992,15.0,31,0,3.09,US,1702321404
160,cidreira,-30.1811,-50.2056,23.93,67,16,4.6,BR,1702321404
161,st. john's,47.5649,-52.7093,11.75,96,100,7.2,CA,1702321383
162,kailua-kona,19.6406,-155.9956,27.5,72,20,2.57,US,1702321405
163,pukchil-lodongjagu,40.2019,125.7483,-7.79,94,98,3.32,KP,1702321405
164,riyadh,24.6877,46.7219,18.08,23,11,1.97,SA,1702321212
165,utrik,11.2278,169.8474,27.12,75,4,9.4,MH,1702321405
166,aswan,24.0934,32.907,23.61,18,0,3.09,EG,1702321311
167,pontes e lacerda,-15.2261,-59.3353,35.91,39,52,0.71,BR,1702321405
168,keflavik,64.0049,-22.5624,0.24,74,20,4.63,IS,1702321405
169,georgetown,5.4112,100.3354,26.08,97,20,1.54,MY,1702321154
170,bikenibeu village,1.3673,173.1241,26.98,89,100,2.06,KI,1702321405
171,hithadhoo,-0.6,73.0833,28.22,73,13,1.68,MV,1702321405
172,lazaro cardenas,17.9583,-102.2,31.06,46,100,0.27,MX,1702321370
173,qaqortoq,60.7167,-46.0333,-2.01,94,100,7.29,GL,1702321406
174,seven pagodas,12.6264,80.1722,25.03,83,44,2.49,IN,1702321406
175,kapit,2.0167,112.9333,23.08,99,42,0.47,MY,1702321406
176,punta arenas,-53.15,-70.9167,12.06,48,75,8.75,CL,1702321406
177,ribeira grande,38.5167,-28.7,16.22,67,20,3.6,PT,1702321406
178,port alfred,-33.5906,26.891,20.1,91,5,1.76,ZA,1702321407
179,carnarvon,-24.8667,113.6333,23.8,74,0,4.89,AU,1702321407
180,la asuncion,11.0333,-63.8628,27.63,75,76,6.26,VE,1702321407
181,tamanrasset,22.785,5.5228,17.95,17,0,5.14,DZ,1702321387
182,kavaratti,10.5669,72.642,28.47,73,74,1.69,IN,1702321407
183,kiskunfelegyhaza,46.7121,19.8446,6.08,94,100,3.47,HU,1702321407
184,gobabis,-22.45,18.9667,27.44,12,3,6.44,NA,1702321333
185,calarasi,47.2544,28.3081,-0.38,96,100,1.48,MD,1702321407
186,buritama,-21.0661,-50.1472,34.18,35,67,0.44,BR,1702321240
187,lamu,-2.2717,40.902,25.1,93,100,2.13,KE,1702321408
188,sitka,57.0531,-135.33,6.94,76,100,6.69,US,1702321408
189,nabire,-3.3667,135.4833,26.07,88,100,3.84,ID,1702321408
190,coruripe,-10.1256,-36.1756,28.34,64,12,7.31,BR,1702321408
191,mariehamn,60.0973,19.9348,-1.21,93,100,5.14,AX,1702321408
192,leava,-14.3,-178.1667,26.4,62,56,2.7,WF,1702321408
193,nova sintra,14.8667,-24.7167,23.23,65,5,8.07,CV,1702321408
194,tabas,33.5959,56.9244,12.12,35,66,1.03,IR,1702321408
195,lhokseumawe,5.1801,97.1507,26.01,85,100,1.68,ID,1702321409
196,yanam,16.7333,82.2167,21.9,82,20,1.26,IN,1702321409
197,archangelos,36.2149,28.1149,14.62,82,91,3.66,GR,1702321409
198,horsham,51.064,-0.3272,9.36,84,0,1.54,GB,1702321038
199,crane,31.3974,-102.3501,15.01,14,11,2.0,US,1702321409
200,nikologory,56.1413,41.9922,-7.56,91,100,6.34,RU,1702321409
201,uyar,55.81,94.3153,-37.19,100,54,0.71,RU,1702321409
202,khilok,51.3674,110.4676,-28.28,98,31,0.63,RU,1702321409
203,meadow lake,34.8014,-106.5436,10.94,25,100,1.92,US,1702321409
204,newport,51.5877,-2.9984,10.3,88,100,3.17,GB,1702321194
205,adam,22.3756,57.5233,20.66,34,68,2.19,OM,1702321409
206,turbat,26.0023,63.044,21.43,17,34,2.32,PK,1702321271
207,egilsstadir,65.2653,-14.3948,-8.05,79,0,1.03,IS,1702321410
208,yuzhno-kurilsk,44.0306,145.8556,0.76,76,100,0.42,RU,1702321410
209,antsiranana,-12.2787,49.2917,26.37,82,52,5.56,MG,1702321410
210,polyarnyy,69.1989,33.4478,-14.19,92,98,7.12,RU,1702321410
211,kununurra,-15.7667,128.7333,27.99,83,100,0.0,AU,1702321410
212,lagoa,39.05,-27.9833,15.31,66,3,7.16,PT,1702321410
213,juneau,58.3019,-134.4197,3.01,83,100,10.8,US,1702321138
214,choma,-16.8065,26.9531,20.76,81,97,1.39,ZM,1702321411
215,guozhen,34.3659,107.359,2.09,95,0,1.54,CN,1702321411
216,placido de castro,-10.3353,-67.1856,34.05,46,100,0.59,BR,1702321411
217,kirillov,59.863,38.3813,-8.55,92,100,4.81,RU,1702321411
218,sokol'skoye,57.1412,43.1589,-10.38,89,100,9.25,RU,1702321411
219,rongelap,11.1635,166.8941,27.55,77,69,9.22,MH,1702321411
220,antigonish,45.6169,-61.9986,16.57,87,100,7.15,CA,1702321411
221,alofi,-19.0595,-169.9187,24.94,100,100,1.54,NU,1702321411
222,"poblacion, san felipe",14.5665,121.0308,26.64,82,20,1.54,PH,1702321411
223,pokhara,28.2333,83.9833,13.66,74,79,0.44,NP,1702321412
224,igreja,15.0333,-24.3333,25.16,58,5,5.27,CV,1702321412
225,labytnangi,66.6572,66.4183,-27.36,100,100,3.03,RU,1702321412
226,la passe,45.5549,-0.8967,14.13,95,100,6.06,FR,1702321412
227,cockburn town,21.4612,-71.1419,28.98,70,40,6.17,TC,1702321289
228,aasiaat,68.7098,-52.8699,-0.47,75,100,5.31,GL,1702321412
229,calama,-22.4667,-68.9333,27.27,8,0,10.8,CL,1702321227
230,zhaqsy,51.9083,67.3133,-32.38,97,7,4.68,KZ,1702321412
231,zaysan,47.4667,84.8667,-11.51,95,100,1.29,KZ,1702321412
232,sabang,5.8933,95.3214,27.68,75,84,1.43,ID,1702321413
233,tralee,52.2704,-9.7026,8.73,93,100,2.76,IE,1702321413
234,sungai penuh,-2.0833,101.3833,18.48,98,100,0.27,ID,1702321413
235,trouville-sur-mer,49.3657,0.0804,11.54,93,75,3.6,FR,1702321413
236,dudinka,69.4058,86.1778,-24.62,98,100,6.26,RU,1702321413
237,petropavlovsk-kamchatsky,53.0452,158.6483,-6.67,87,40,7.6,RU,1702321282
238,komotini,41.1228,25.3964,7.25,91,7,1.19,GR,1702321413
239,tateyama,34.9833,139.8667,13.96,94,75,3.09,JP,1702321413
240,iskateley,67.6803,53.1512,-16.66,94,100,9.39,RU,1702321414
241,neelankarai,12.9455,80.2575,25.03,88,40,1.54,IN,1702321414
242,hasaki,35.7333,140.8333,11.27,92,100,3.52,JP,1702321414
243,isparta,38.0,31.0,6.07,84,77,2.28,TR,1702321347
244,kagizman,40.1567,43.1342,3.15,80,100,1.09,TR,1702321414
245,kivioli,59.3531,26.9711,-4.49,92,100,4.38,EE,1702321414
246,craig,40.5153,-107.5464,1.97,75,100,3.09,US,1702321145
247,praya,14.9215,-23.5087,26.3,61,10,6.69,CV,1702321415
248,yarkovo,57.4028,67.0786,-32.48,100,6,1.12,RU,1702321415
249,okha,53.5739,142.9478,-20.45,87,73,10.65,RU,1702321415
250,fortuna,40.5982,-124.1573,16.19,79,0,1.34,US,1702321415
251,macas,-2.3167,-78.1167,25.86,69,40,2.57,EC,1702321174
252,badagara,11.6,75.5833,25.89,86,59,1.63,IN,1702321415
253,al jawf,29.5,38.75,17.7,76,100,4.03,SA,1702321358
254,okhotsk,59.3833,143.3,-11.11,92,100,6.87,RU,1702321416
255,beaufort west,-32.3567,22.583,23.12,15,0,0.92,ZA,1702321416
256,colonia,50.9333,6.95,10.49,82,75,3.6,DE,1702321414
257,nemuro,43.3236,145.575,1.72,56,100,1.21,JP,1702321416
258,las heras,-46.5419,-68.9359,20.96,20,13,7.3,AR,1702321416
259,saint-philippe,-21.3585,55.7679,23.77,82,93,4.39,RE,1702321416
260,labuan,5.2767,115.2417,26.2,94,20,0.0,MY,1702321417
261,ta`u,-14.2336,-169.5144,26.4,89,100,8.94,AS,1702321417
262,puerto baquerizo moreno,-0.9,-89.6,28.55,65,75,4.63,EC,1702321417
263,whitehorse,60.7161,-135.0538,-3.57,86,75,8.75,CA,1702321417
264,suoyarvi,62.0833,32.35,-9.95,95,100,3.11,RU,1702321417
265,zliten,32.4674,14.5687,18.79,69,1,6.48,LY,1702321417
266,kristiansund,63.1115,7.732,-2.64,86,0,2.06,NO,1702321417
267,tukrah,32.5341,20.5791,18.9,65,100,8.72,LY,1702321417
268,nouadhibou,20.931,-17.0347,22.99,33,0,4.12,MR,1702321418
269,sheridan,44.8333,-106.9173,6.21,72,100,10.29,US,1702321341
270,fale old settlement,-9.3852,-171.2468,28.28,79,100,9.7,TK,1702321418
271,vila velha,-20.3297,-40.2925,30.97,78,20,5.66,BR,1702321242
272,altamont,42.2068,-121.7372,4.66,90,100,0.45,US,1702321212
273,newman,37.3138,-121.0208,12.25,38,100,2.24,US,1702321418
274,los osos,35.3111,-120.8324,23.91,29,8,1.79,US,1702321206
275,prince george,53.9166,-122.753,-3.73,97,100,0.0,CA,1702321418
276,imbituba,-28.24,-48.6703,22.1,88,88,1.92,BR,1702321418
277,goure,13.9835,10.2704,18.54,28,0,4.31,NE,1702321419
278,freetown,8.484,-13.2299,29.84,74,20,4.12,SL,1702321419
279,buala,-8.145,159.5921,25.77,80,99,2.0,SB,1702321419
280,minas de marcona,-15.2119,-75.1103,21.66,58,4,6.75,PE,1702321419
281,cinco saltos,-38.8222,-68.0629,29.85,21,0,6.69,AR,1702321420
282,kilindoni,-7.9139,39.6668,27.86,74,100,3.15,TZ,1702321420
283,lospalos,-8.5186,127.0025,23.67,89,100,1.26,TL,1702321420
284,alamos,27.0167,-108.9333,29.18,11,1,2.04,MX,1702321241
285,charters towers,-20.1,146.2667,22.8,85,100,6.68,AU,1702321420
286,belyy yar,53.6039,91.3903,-34.06,75,20,0.0,RU,1702321420
287,burutu,5.3509,5.5076,27.84,74,93,2.15,NG,1702321420
288,vadso,70.0744,29.7487,-7.91,73,20,5.14,NO,1702321402
289,atafu village,-8.5421,-172.5159,28.49,79,100,10.8,TK,1702321421
290,tura,25.5198,90.2201,14.63,87,0,1.23,IN,1702321421
291,corralillo,22.9819,-80.5856,25.04,75,100,6.01,CU,1702321421
292,kourou,5.1552,-52.6478,31.03,68,100,3.8,GF,1702321421
293,bayeux,-7.125,-34.9322,30.35,62,75,5.66,BR,1702321421
294,flying fish cove,-10.4217,105.6791,23.82,88,40,2.57,CX,1702321421
295,sarospatak,48.3167,21.5833,2.87,98,100,1.69,HU,1702321421
296,katsuura,35.1333,140.3,14.01,91,100,7.33,JP,1702321422
297,urangan,-25.3,152.9,24.35,64,100,6.65,AU,1702321422
298,wokha,26.1,94.2667,6.53,92,0,1.63,IN,1702321422
299,miranda,3.2499,-76.2281,32.07,56,96,1.22,CO,1702321422
300,jeremoabo,-10.075,-38.4808,35.33,25,49,6.42,BR,1702321406
301,isesaki,36.3167,139.2,10.5,91,100,0.36,JP,1702321422
302,zouerate,22.7187,-12.4521,20.25,16,0,4.12,MR,1702321422
303,kharp,66.8014,65.8081,-24.92,96,100,1.5,RU,1702321423
304,weno,7.4515,151.8468,25.97,89,100,4.63,FM,1702321423
305,ladario,-19.0047,-57.6017,33.05,58,0,2.06,BR,1702321418
306,bel ombre,-4.6167,55.4167,26.91,89,20,1.54,SC,1702321423
307,menongue,-14.6585,17.691,21.18,58,100,1.93,AO,1702321423
308,palompon,11.0508,124.3843,26.49,86,93,5.61,PH,1702321424
309,tarboro,35.8968,-77.5358,9.21,57,100,3.6,US,1702321424
310,haiku-pauwela,20.9219,-156.3051,26.13,79,20,2.68,US,1702321424
311,portland,45.5234,-122.6762,10.9,95,100,3.13,US,1702321093
312,myitkyina,25.3833,97.4,15.0,83,2,1.1,MM,1702321424
313,kodinsk,58.6881,99.1844,-30.09,95,100,0.55,RU,1702321424
314,kirakira,-10.4544,161.9205,26.71,83,26,2.88,SB,1702321424
315,purificacion,3.8587,-74.9313,34.99,41,8,1.27,CO,1702321424
316,altai,46.3722,96.2583,-14.95,82,17,1.62,MN,1702321425
317,salym,60.0625,71.4789,-32.45,98,26,1.24,RU,1702321425
318,zhuanghe,39.7008,122.9911,-13.57,81,100,3.17,CN,1702321425
319,envira,-7.3,-70.2167,33.11,50,82,1.45,BR,1702321425
320,levokumka,44.2317,43.15,4.18,100,100,6.0,RU,1702321425
321,orchard homes,46.8633,-114.0484,3.49,95,100,0.45,US,1702321425
322,morococha,-11.5997,-76.1411,8.46,65,99,2.46,PE,1702321425
323,cill airne,52.05,-9.5167,8.51,95,100,2.52,IE,1702321425
324,shitanjing,39.2342,106.3439,-1.86,40,0,4.6,CN,1702321426
325,merizo village,13.2658,144.6691,26.85,93,100,5.46,GU,1702321426
326,lejanias,3.5251,-74.0216,27.54,70,82,3.24,CO,1702321426
327,monte alegre,-2.0078,-54.0692,30.12,59,99,1.12,BR,1702321426
328,sibut,5.718,19.0739,25.38,32,99,1.13,CF,1702321426
329,kanchipuram,12.8333,79.7167,22.62,87,91,2.73,IN,1702321426
330,minab,27.1467,57.0801,22.44,42,100,0.49,IR,1702321357
331,kalasin,16.5,103.5,24.89,99,49,1.13,TH,1702321427
332,mel'nikovo,56.5558,84.085,-30.35,95,15,3.42,RU,1702321427
333,laojunmiao,39.8333,97.7333,0.96,14,14,4.69,CN,1702321427
334,notodden,59.5594,9.2585,-0.27,94,93,2.78,NO,1702321402
335,hami,42.8,93.45,-2.49,55,100,0.95,CN,1702321427
336,dampit,-8.2116,112.7493,21.48,87,100,0.95,ID,1702321427
337,yeppoon,-23.1333,150.7333,22.88,81,100,5.57,AU,1702321427
338,yamba,-5.9,22.3,21.78,91,100,1.42,CD,1702321427
339,cavelossim,15.1726,73.9419,27.99,77,97,2.56,IN,1702321427
340,dalandzadgad,43.5708,104.425,-5.55,50,97,1.03,MN,1702321427
341,fort st. john,56.2499,-120.8529,-7.06,73,75,3.09,CA,1702321182
342,huangpi,30.8845,114.3779,3.06,81,100,2.0,CN,1702321428
343,tegueste,28.5167,-16.3167,20.05,65,0,2.06,ES,1702321428
344,bude,50.8243,-4.5413,12.78,93,18,0.89,GB,1702321428
345,dakhla,23.6848,-15.958,21.01,64,9,6.17,EH,1702321428
346,nagqu,31.5,92.0,-16.91,53,47,1.5,CN,1702321428
347,desaguadero,-16.5656,-69.0417,13.65,53,100,4.5,PE,1702321428
348,kinablangan,7.6947,126.5503,25.57,88,35,2.13,PH,1702321428
349,cambria,35.5641,-121.0808,21.45,81,16,1.34,US,1702321428
350,barreirinhas,-2.7469,-42.8264,29.13,65,25,7.92,BR,1702321248
351,saint-pierre,-21.3393,55.4781,23.82,83,0,2.06,RE,1702321428
352,kabanjahe,3.1001,98.4908,17.86,96,100,0.76,ID,1702321428
353,anar darah,32.7587,61.654,11.57,40,6,3.5,AF,1702321429
354,sorong,-0.8833,131.25,28.48,73,93,1.7,ID,1702321429
355,bubaque,11.2833,-15.8333,27.87,53,0,5.18,GW,1702321429
356,margate,51.3813,1.3862,8.16,83,0,4.35,GB,1702321389
357,mount gambier,-37.8333,140.7667,17.33,81,100,4.15,AU,1702321275
358,kruisfontein,-34.0033,24.7314,17.71,88,0,1.14,ZA,1702321429
359,chemolgan,43.1897,76.5292,-9.19,97,100,2.12,KZ,1702321429
360,horta,38.5333,-28.6333,15.8,78,20,3.6,PT,1702321429
361,saurimo,-9.6608,20.3916,19.54,98,100,2.1,AO,1702321429
362,el empalme,-40.7226,-64.9922,37.26,7,35,16.49,AR,1702321429
363,constantia,44.1833,28.65,2.61,87,7,3.3,RO,1702321429
364,cikampek,-6.4197,107.4558,26.26,82,96,1.42,ID,1702321429
365,tolanaro,-25.0319,46.9987,27.04,89,20,7.2,MG,1702321430
366,sittwe,20.15,92.9,20.31,78,7,3.0,MM,1702321430
367,jinka,5.65,36.65,20.52,61,6,2.69,ET,1702321430
368,tuzha,57.6062,47.936,-16.24,80,100,6.57,RU,1702321430
369,puerto san jose,13.9256,-90.8244,32.55,50,0,3.37,GT,1702321430
370,taksimo,56.3444,114.8794,-31.3,96,91,0.64,RU,1702321430
371,hangu,39.2489,117.7892,-3.98,57,100,2.11,CN,1702321430
372,laguna,38.421,-121.4238,14.49,71,0,2.57,US,1702321430
373,potchefstroom,-26.7167,27.1,14.81,89,66,3.33,ZA,1702321430
374,weligama,5.9667,80.4167,25.08,89,79,0.48,LK,1702321430
375,la ronge,55.1001,-105.2842,-9.86,62,75,9.26,CA,1702321431
376,amga,60.8953,131.9608,-30.22,97,100,2.17,RU,1702321431
377,moron,-34.6534,-58.6198,30.5,67,87,5.36,AR,1702321431
378,trairi,-3.2778,-39.2689,29.53,60,43,6.32,BR,1702321373
379,penzance,50.1186,-5.5371,12.38,91,64,9.0,GB,1702321431
380,iranshahr,27.2025,60.6848,16.19,18,0,2.06,IR,1702321431
381,port hedland,-20.3167,118.5667,23.03,60,0,3.09,AU,1702321378
382,el porvenir,13.7617,-87.3458,24.63,45,16,4.6,HN,1702321431
383,hermiston,45.8404,-119.2895,5.81,91,100,0.89,US,1702321345
384,suntar,62.1444,117.6319,-29.82,97,100,2.51,RU,1702321431
385,gamawa,12.1343,10.5396,19.92,23,0,4.24,NG,1702321431
386,lensk,60.7253,114.9278,-30.59,100,97,1.71,RU,1702321431
387,oranjestad,12.524,-70.027,29.97,77,75,9.77,AW,1702321431
388,betio village,1.358,172.9211,27.02,73,99,2.22,KI,1702321432
389,hamilton,39.1834,-84.5333,4.62,67,6,2.24,US,1702321223
390,east london,-33.0153,27.9116,20.52,88,20,3.09,ZA,1702321432
391,cide,41.8921,33.0044,12.04,69,100,1.83,TR,1702321432
392,muynoq,43.7683,59.0214,-4.47,80,100,12.35,UZ,1702321432
393,puerto el triunfo,13.2833,-88.55,34.42,40,56,3.53,SV,1702321432
394,nieuw amsterdam,5.8833,-55.0833,27.23,89,40,0.0,SR,1702321432
395,sarmiento,-45.5882,-69.07,20.63,27,16,12.27,AR,1702321432
396,arkalyk,50.2486,66.9114,-26.58,84,8,7.17,KZ,1702321432
397,ito,34.9667,139.0833,11.49,96,100,1.17,JP,1702321372
398,calingasta,-31.3308,-69.4078,36.1,3,0,14.13,AR,1702321232
399,xudat,41.631,48.681,5.31,85,100,6.06,AZ,1702321432
400,gallup,35.5281,-108.7426,6.42,33,0,0.0,US,1702321432
401,lucapa,-8.4192,20.7447,20.33,97,100,0.88,AO,1702321432
402,ketchikan,55.3422,-131.6461,3.99,87,75,2.57,US,1702321433
403,horishni plavni,49.0097,33.6455,1.26,100,100,3.01,UA,1702321433
404,vorgashor,67.5833,63.95,-21.72,96,100,5.84,RU,1702321433
405,quellon,-43.1167,-73.6167,10.88,96,100,1.09,CL,1702321433
406,barra de santo antonio,-9.4047,-35.5072,29.6,65,11,5.19,BR,1702321433
407,ouallam,14.3188,2.0866,24.04,16,0,4.78,NE,1702321433
408,novoanninskiy,50.5287,42.6747,-7.47,78,100,9.77,RU,1702321434
409,wynyard,-41.0,145.7167,14.65,90,100,3.24,AU,1702321434
410,gamba,-2.65,10.0,26.27,82,100,2.04,GA,1702321434
411,al hazm,16.1641,44.7769,16.87,25,5,1.3,YE,1702321434
412,ola,59.5833,151.2833,-8.58,92,100,3.43,RU,1702321434
413,junction city,39.0286,-96.8314,11.98,37,0,2.57,US,1702321434
414,kiknur,57.3034,47.2011,-15.21,80,100,7.29,RU,1702321434
415,nizhnyaya omka,55.4338,74.9426,-28.99,94,7,4.86,RU,1702321434
416,khanty-mansiysk,61.0042,69.0019,-37.72,61,20,1.0,RU,1702321435
417,kismayo,-0.3582,42.5454,26.97,82,100,4.02,SO,1702321435
418,kyosai,34.8503,128.5886,11.98,86,100,3.68,KR,1702321435
419,ust-tsilma,65.441,52.1498,-15.22,91,100,5.36,RU,1702321435
420,cacoal,-11.4386,-61.4472,31.8,57,100,1.41,BR,1702321397
421,cova figueira,14.8905,-24.2934,24.67,54,5,7.65,CV,1702321435
422,tofol,5.3248,163.0078,27.63,82,100,6.4,FM,1702321435
423,port-gentil,-0.7193,8.7815,26.98,83,40,4.63,GA,1702321435
424,majuro,7.0897,171.3803,27.87,78,75,9.66,MH,1702321435
425,colonia menno,-22.3667,-59.8167,35.82,38,43,2.65,PY,1702321285
426,cheremukhovo,60.3484,59.9851,-31.69,98,100,2.24,RU,1702321435
427,pointe-noire,-4.7761,11.8635,25.42,86,100,1.59,CG,1702321435
428,lawrenceburg,38.0373,-84.8966,5.38,63,20,2.57,US,1702321172
429,valka,57.7752,26.0101,-2.85,96,100,3.1,LV,1702321435
430,udachny,66.4167,112.4,-25.2,96,100,5.38,RU,1702321436
431,spanish wells,26.323,-81.7957,19.98,55,0,5.14,US,1702321436
432,potam,27.6,-110.3833,26.03,15,83,3.11,MX,1702321436
433,zhangye,38.9342,100.4517,2.9,20,0,4.37,CN,1702321436
434,diboll,31.1871,-94.781,17.16,28,0,0.0,US,1702321436
435,sawang wirawong,15.2416,105.0922,24.9,64,100,2.29,TH,1702321436
436,gemena,3.25,19.7667,23.79,69,100,1.05,CD,1702321437
437,camiri,-20.05,-63.5167,33.88,36,75,0.0,BO,1702321437
438,camamu,-13.9447,-39.1039,29.94,50,100,3.84,BR,1702321437
439,saint joseph,39.7686,-94.8466,8.02,54,0,3.09,US,1702321437
440,smithers,54.7804,-127.1743,-4.82,100,100,2.57,CA,1702321248
441,hibbing,47.4272,-92.9377,-6.32,60,100,3.6,US,1702321437
442,chibougamau,49.9168,-74.3659,-8.21,86,100,4.63,CA,1702321437
443,villanueva,15.3167,-88.0,26.55,78,100,4.63,HN,1702321438
444,karkira,36.9292,6.5856,16.81,64,0,2.73,DZ,1702321438
445,leppavirta,62.4901,27.7826,-10.03,95,100,2.64,FI,1702321438
446,tsiombe,-25.3,45.4833,24.93,89,52,1.8,MG,1702321438
447,namibe,-15.1961,12.1522,22.26,71,33,2.56,AO,1702321438
448,taichung,24.1469,120.6839,24.71,83,75,2.06,TW,1702321155
449,riosucio,5.4216,-75.7032,25.56,49,43,0.38,CO,1702321438
450,liwale,-9.7667,37.9333,22.51,96,100,1.66,TZ,1702321438
451,illizi,26.4833,8.4667,15.89,35,0,2.84,DZ,1702321439
452,mogocha,53.7333,119.7667,-34.62,98,6,1.38,RU,1702321439
453,chernyshevsk,52.5243,117.0174,-35.2,100,23,0.5,RU,1702321439
454,papao,-17.75,-149.55,28.82,80,95,10.86,PF,1702321439
455,arys,42.4252,68.795,-8.07,75,100,4.48,KZ,1702321439
456,broken hill,-31.95,141.4333,21.95,54,70,3.64,AU,1702321440
457,birao,10.2849,22.7882,25.6,19,30,3.19,CF,1702321440
458,banda aceh,5.5577,95.3222,25.79,86,58,0.94,ID,1702321440
459,kondopoga,62.2057,34.2614,-10.17,96,100,3.39,RU,1702321440
460,scottburgh,-30.2867,30.7532,19.7,92,100,1.29,ZA,1702321440
461,muan,34.9897,126.4714,9.94,93,100,7.2,KR,1702321440
462,gasteiz / vitoria,42.85,-2.6667,14.6,76,20,4.63,ES,1702321440
463,north bend,43.4065,-124.2243,13.47,87,100,5.14,US,1702321375
464,taulaga,-11.0553,-171.0883,28.42,80,100,10.83,AS,1702321441
465,lewiston orchards,46.3804,-116.9754,7.37,85,100,3.09,US,1702321441
466,kudahuvadhoo,2.6708,72.8944,28.36,73,18,2.88,MV,1702321441
467,greymouth,-42.4667,171.2,13.68,75,89,11.84,NZ,1702321441
468,warrnambool,-38.3833,142.4833,17.34,92,100,4.16,AU,1702321441
469,sironj,24.1,77.7,15.62,44,6,2.72,IN,1702321441
470,shelton,41.3165,-73.0932,7.22,67,100,7.72,US,1702321409
471,yeonggwang,35.275,126.5094,9.81,93,100,5.44,KR,1702321441
472,salekhard,66.53,66.6019,-27.98,100,100,3.5,RU,1702321441
473,sohar,24.3643,56.7468,22.01,43,83,2.57,OM,1702321442
474,coquimbo,-29.9533,-71.3436,19.85,63,20,7.2,CL,1702321442
475,tarinkot,32.6268,65.8733,7.53,33,7,0.5,AF,1702321443
476,kerikeri,-35.2268,173.9474,14.95,78,68,0.45,NZ,1702321444
477,khandyga,62.6667,135.6,-33.59,99,100,0.48,RU,1702321444
478,el calafate,-50.3408,-72.2768,12.06,47,100,4.96,AR,1702321444
479,borujen,31.9652,51.2873,5.94,35,25,1.13,IR,1702321444
480,nova vicosa,-17.8919,-39.3719,28.63,57,60,7.51,BR,1702321444
481,gundlupet,11.8,76.6833,21.22,88,100,1.59,IN,1702321445
482,randers,56.4667,10.05,3.0,95,100,5.35,DK,1702321445
483,kingscliff,-28.2667,153.5667,22.09,94,100,1.54,AU,1702321446
484,pandan,14.0453,124.1694,26.26,86,78,4.81,PH,1702321447
485,klyuchi,52.2667,79.1667,-23.69,86,17,5.74,RU,1702321447
486,mount isa,-20.7333,139.5,26.87,36,0,5.66,AU,1702321447
487,carbonear,47.7332,-53.2148,12.0,98,100,8.4,CA,1702321447
488,beni,0.5,29.4667,17.45,97,37,0.9,CD,1702321447
489,akrehamn,59.2667,5.1833,3.56,60,0,3.09,NO,1702321448
490,gimbi,9.1667,35.8333,15.55,55,5,0.54,ET,1702321448
491,singaparna,-7.3515,108.111,20.97,94,42,0.69,ID,1702321448
492,arinos,-15.9169,-46.1056,36.28,23,100,3.86,BR,1702321448
493,prienai,54.6333,23.95,0.15,98,100,5.0,LT,1702321448
494,dhidhdhoo,6.8833,73.1,28.28,72,100,2.16,MV,1702321448
495,usinsk,65.9939,57.5281,-20.52,89,100,11.62,RU,1702321449
496,currais novos,-6.2608,-36.5178,34.89,24,54,4.59,BR,1702321231
497,takoradi,4.8845,-1.7554,27.48,79,20,3.83,GH,1702321449
498,awjilah,29.1081,21.2869,15.96,68,49,6.3,LY,1702321449
499,zapolyarnyy,69.4154,30.8136,-10.4,95,39,4.27,RU,1702321449
500,penon blanco,24.7897,-104.0369,19.67,33,5,1.2,MX,1702321449
501,shimokizukuri,40.8061,140.3861,1.4,78,100,2.17,JP,1702321450
502,castlegar,49.2998,-117.6689,4.61,86,70,1.1,CA,1702321344
503,urumqi,43.801,87.6005,-11.47,92,100,2.0,CN,1702321450
504,lepsy,46.235,78.9456,-10.72,83,100,6.28,KZ,1702321451
505,marquette,46.5333,-87.6335,-2.88,81,58,3.13,US,1702321451
506,kuusamo,65.9667,29.1833,-16.98,85,75,1.54,FI,1702321451
507,annau,37.8876,58.516,1.72,51,100,3.09,TM,1702321351
508,san julian,21.0167,-102.1667,9.62,83,100,2.08,MX,1702321451
509,morozovsk,48.3539,41.8261,-1.37,88,100,10.49,RU,1702321451
510,qarazhal,48.0078,70.7903,-23.54,83,97,8.98,KZ,1702321452
511,loxstedt,53.4667,8.65,7.95,98,100,4.73,DE,1702321452
512,rio grande,-32.035,-52.0986,28.06,75,15,6.36,BR,1702321352
513,new norfolk,-42.7826,147.0587,10.4,92,90,0.87,AU,1702321452
514,charvieu-chavagneux,45.75,5.15,13.27,90,100,4.12,FR,1702321453
515,ghat,24.9647,10.1728,14.27,34,0,2.25,LY,1702321453
516,castillos,-34.1667,-53.8333,22.48,64,25,5.59,UY,1702321453
517,portel,-1.9356,-50.8211,31.78,54,87,2.24,BR,1702321453
518,mata-utu,-13.2816,-176.1745,27.48,77,100,5.51,WF,1702321454
519,spasskoye,44.6108,132.7969,-15.92,77,100,3.89,RU,1702321454
520,casper,42.8666,-106.3131,6.33,42,40,7.2,US,1702321434
521,la paz,-16.5,-68.15,14.99,62,40,3.6,BO,1702321207
522,al kharijah,25.4514,30.5464,17.16,38,0,3.77,EG,1702321454
523,peterhead,57.5058,-1.7981,6.22,76,100,6.64,GB,1702321454
524,samraong,12.4526,105.5873,21.84,81,10,1.0,KH,1702321454
525,puerto armuelles,8.2833,-82.8667,32.99,72,100,0.45,PA,1702321455
526,tbeng meanchey,13.8167,104.9667,23.25,76,100,0.73,KH,1702321455
527,steinhagen,52.0,8.4,7.9,74,100,6.21,DE,1702321455
528,villa regina,-39.1,-67.0667,32.77,15,38,4.47,AR,1702321455
529,galle,6.0367,80.217,25.19,88,78,0.3,LK,1702321456
530,boa vista,2.8197,-60.6733,32.99,49,40,4.12,BR,1702321220
531,beni saf,35.301,-1.3823,21.16,46,97,0.23,DZ,1702321456
532,chandbali,20.7833,86.7667,18.2,49,0,2.69,IN,1702321457
533,tiverton,50.9,-3.4833,11.34,94,40,3.6,GB,1702321457
534,paramonga,-10.6667,-77.8333,23.03,72,14,5.23,PE,1702321457
535,hadibu,12.65,54.0333,24.88,66,52,4.67,YE,1702321457
536,nuku'alofa,-21.1333,-175.2,24.19,78,20,2.57,TO,1702321458
537,tadine,-21.55,167.8833,22.88,68,100,6.58,NC,1702321458
538,san borja,-14.8167,-66.85,34.24,47,100,2.67,BO,1702321458
539,puli,23.9664,120.9695,22.34,84,29,1.52,TW,1702321459
540,comandante fontana,-25.3345,-59.6821,33.54,37,6,3.8,AR,1702321459
541,sur,22.5667,59.5289,24.25,60,13,3.43,OM,1702321459
542,lorengau,-2.0226,147.2712,27.69,86,100,5.8,PG,1702321459
543,giridih,24.1833,86.3,15.23,43,0,2.77,IN,1702321460
544,punta alta,-38.8759,-62.0736,34.43,21,100,14.92,AR,1702321460
545,twon-brass,4.3151,6.2418,28.02,75,63,4.67,NG,1702321461
546,murghob,38.1702,73.9667,-13.94,71,4,2.86,TJ,1702321461
547,patacamaya,-17.2333,-67.9167,13.83,52,100,4.03,BO,1702321461
548,altamira,-3.2033,-52.2064,35.05,59,75,2.57,BR,1702321462
549,chernyshevskiy,63.0128,112.4714,-33.43,100,100,1.14,RU,1702321462
550,atar,20.5169,-13.0499,29.03,16,0,4.12,MR,1702321388
551,massawa,15.6097,39.45,28.51,60,63,1.73,ER,1702321462
552,conde,-7.2597,-34.9075,29.7,62,75,5.66,BR,1702321462
553,onojo,33.5357,130.4786,17.25,94,100,3.09,JP,1702321462
554,lathen,52.8667,7.3167,7.17,93,97,2.57,DE,1702321462
555,tougan,13.0667,-3.0667,26.33,13,0,4.37,BF,1702321463
556,kharhial,20.2833,82.7667,17.73,71,5,0.6,IN,1702321463
557,dunedin,-45.8742,170.5036,11.56,64,100,5.36,NZ,1702321354
558,puerto madero,14.7208,-92.4215,34.11,52,20,3.6,MX,1702321463
559,fort bragg,35.139,-79.006,9.34,56,75,4.12,US,1702321463
560,levuka,50.1834,-105.4011,-2.15,46,20,13.89,CA,1702321463
561,sena madureira,-9.0656,-68.6569,36.68,35,67,1.21,BR,1702321463
562,copala,16.65,-98.9833,30.25,50,100,2.06,MX,1702321463
563,nishinoomote,30.7333,131.0,21.36,83,51,10.88,JP,1702321463
564,villa tupac amaru,-13.7,-76.15,23.6,64,0,3.6,PE,1702321464
565,pinarbasi,38.7229,36.3931,5.18,94,100,1.77,TR,1702321464
566,happy valley-goose bay,53.3168,-60.3315,1.17,80,100,4.63,CA,1702321464
567,qom,34.6401,50.8764,12.56,36,99,1.8,IR,1702321350
568,plastun,44.7561,136.2939,-13.41,52,100,3.96,RU,1702321464
569,san patricio,28.017,-97.5169,20.48,24,100,3.0,US,1702321464
570,acapulco de juarez,16.8634,-99.8901,29.9,70,75,2.57,MX,1702321464
571,lima duarte,-21.8425,-43.7931,22.8,89,73,1.54,BR,1702321464
572,arkhangel'sk,64.5401,40.5433,-14.93,84,75,4.0,RU,1702321465
573,daru,-9.0763,143.2092,24.56,91,87,3.44,PG,1702321465
574,torghay,49.6339,63.4981,-26.81,69,6,8.41,KZ,1702321465
